hedera_id,evm_address,reverse_check,error
0.0.4870694,0x00000000000000000000000000000000004a5226,0.0.4870694,
0.0.8160892,0x00000000000000000000000000000000007c867c,0.0.8160892,
0.0.7991798,0x000000000000000000000000000000000079f1f6,0.0.7991798,
0.0.326826,0x000000000000000000000000000000000004fcaa,0.0.326826,
0.0.845476,0x00000000000000000000000000000000000ce6a4,0.0.845476,
0.0.8142971,0x00000000000000000000000000000000007c407b,0.0.8142971,
0.0.832190,0x00000000000000000000000000000000000cb2be,0.0.832190,
0.0.8180616,0x00000000000000000000000000000000007cd388,0.0.8180616,
0.0.7900973,0x0000000000000000000000000000000000788f2d,0.0.7900973,
0.0.3927125,0x00000000000000000000000000000000003bec55,0.0.3927125,
0.0.4318040,0x000000000000000000000000000000000041e358,0.0.4318040,
0.0.4923080,0x00000000000000000000000000000000004b1ec8,0.0.4923080,
0.0.7763952,0x00000000000000000000000000000000007677f0,0.0.7763952,
0.0.1285385,0x0000000000000000000000000000000000139d09,0.0.1285385,
0.0.8152485,0x00000000000000000000000000000000007c65a5,0.0.8152485,
0.0.4595969,0x0000000000000000000000000000000000462101,0.0.4595969,
0.0.1704972,0x00000000000000000000000000000000001a040c,0.0.1704972,
0.0.6050,0x00000000000000000000000000000000000017a2,0.0.6050,
0.0.7715516,0x000000000000000000000000000000000075babc,0.0.7715516,
0.0.458059,0x000000000000000000000000000000000006fd4b,0.0.458059,
0.0.4591759,0x000000000000000000000000000000000046108f,0.0.4591759,
0.0.4812294,0x0000000000000000000000000000000000496e06,0.0.4812294,
0.0.4350275,0x0000000000000000000000000000000000426143,0.0.4350275,
0.0.7785180,0x000000000000000000000000000000000076cadc,0.0.7785180,
0.0.4324445,0x000000000000000000000000000000000041fc5d,0.0.4324445,
0.0.939841,0x00000000000000000000000000000000000e5741,0.0.939841,
0.0.973559,0x00000000000000000000000000000000000edaf7,0.0.973559,
0.0.1036366,0x00000000000000000000000000000000000fd04e,0.0.1036366,
0.0.454804,0x000000000000000000000000000000000006f094,0.0.454804,
0.0.8181593,0x00000000000000000000000000000000007cd759,0.0.8181593,
0.0.7222630,0x00000000000000000000000000000000006e3566,0.0.7222630,
0.0.1421971,0x000000000000000000000000000000000015b293,0.0.1421971,
0.0.7969577,0x0000000000000000000000000000000000799b29,0.0.7969577,
0.0.7749411,0x0000000000000000000000000000000000763f23,0.0.7749411,
0.0.1468174,0x000000000000000000000000000000000016670e,0.0.1468174,
0.0.663924,0x00000000000000000000000000000000000a2174,0.0.663924,
0.0.7483944,0x0000000000000000000000000000000000723228,0.0.7483944,
0.0.5475481,0x0000000000000000000000000000000000538c99,0.0.5475481,
0.0.4318142,0x000000000000000000000000000000000041e3be,0.0.4318142,
0.0.725455,0x00000000000000000000000000000000000b11cf,0.0.725455,
0.0.7863693,0x000000000000000000000000000000000077fd8d,0.0.7863693,
0.0.4364980,0x0000000000000000000000000000000000429ab4,0.0.4364980,
0.0.7770246,0x0000000000000000000000000000000000769086,0.0.7770246,
0.0.1360162,0x000000000000000000000000000000000014c122,0.0.1360162,
0.0.3965809,0x00000000000000000000000000000000003c8371,0.0.3965809,
0.0.2773436,0x00000000000000000000000000000000002a51bc,0.0.2773436,
0.0.40216,0x0000000000000000000000000000000000009d18,0.0.40216,
0.0.1911303,0x00000000000000000000000000000000001d2a07,0.0.1911303,
0.0.643909,0x000000000000000000000000000000000009d345,0.0.643909,
0.0.864216,0x00000000000000000000000000000000000d2fd8,0.0.864216,
0.0.1018824,0x00000000000000000000000000000000000f8bc8,0.0.1018824,
0.0.1314552,0x0000000000000000000000000000000000140ef8,0.0.1314552,
0.0.509518,0x000000000000000000000000000000000007c64e,0.0.509518,
0.0.4695025,0x000000000000000000000000000000000047a3f1,0.0.4695025,
0.0.4312340,0x000000000000000000000000000000000041cd14,0.0.4312340,
0.0.3304005,0x0000000000000000000000000000000000326a45,0.0.3304005,
0.0.8013770,0x00000000000000000000000000000000007a47ca,0.0.8013770,
0.0.7964752,0x0000000000000000000000000000000000798850,0.0.7964752,
0.0.7939731,0x0000000000000000000000000000000000792693,0.0.7939731,
0.0.4912708,0x00000000000000000000000000000000004af644,0.0.4912708,
0.0.1404401,0x0000000000000000000000000000000000156df1,0.0.1404401,
0.0.3968150,0x00000000000000000000000000000000003c8c96,0.0.3968150,
0.0.7060192,0x00000000000000000000000000000000006bbae0,0.0.7060192,
0.0.4340074,0x000000000000000000000000000000000042396a,0.0.4340074,
0.0.1470278,0x0000000000000000000000000000000000166f46,0.0.1470278,
0.0.4178198,0x00000000000000000000000000000000003fc116,0.0.4178198,
0.0.4615531,0x0000000000000000000000000000000000466d6b,0.0.4615531,
0.0.5171340,0x00000000000000000000000000000000004ee88c,0.0.5171340,
0.0.3048854,0x00000000000000000000000000000000002e8596,0.0.3048854,
0.0.7155902,0x00000000000000000000000000000000006d30be,0.0.7155902,
0.0.832543,0x00000000000000000000000000000000000cb41f,0.0.832543,
0.0.8174246,0x00000000000000000000000000000000007cbaa6,0.0.8174246,
0.0.1475262,0x00000000000000000000000000000000001682be,0.0.1475262,
0.0.4211429,0x00000000000000000000000000000000004042e5,0.0.4211429,
0.0.1200616,0x00000000000000000000000000000000001251e8,0.0.1200616,
0.0.1425321,0x000000000000000000000000000000000015bfa9,0.0.1425321,
0.0.4958794,0x00000000000000000000000000000000004baa4a,0.0.4958794,
0.0.8143157,0x00000000000000000000000000000000007c4135,0.0.8143157,
0.0.3096877,0x00000000000000000000000000000000002f412d,0.0.3096877,
0.0.4275917,0x0000000000000000000000000000000000413ecd,0.0.4275917,
0.0.2175236,0x0000000000000000000000000000000000213104,0.0.2175236,
0.0.790788,0x00000000000000000000000000000000000c1104,0.0.790788,
0.0.1085174,0x0000000000000000000000000000000000108ef6,0.0.1085174,
0.0.4366157,0x0000000000000000000000000000000000429f4d,0.0.4366157,
0.0.1786185,0x00000000000000000000000000000000001b4149,0.0.1786185,
0.0.982545,0x00000000000000000000000000000000000efe11,0.0.982545,
0.0.1337958,0x0000000000000000000000000000000000146a66,0.0.1337958,
0.0.4607653,0x0000000000000000000000000000000000464ea5,0.0.4607653,
0.0.8143745,0x00000000000000000000000000000000007c4381,0.0.8143745,
0.0.3274648,0x000000000000000000000000000000000031f798,0.0.3274648,
0.0.1295194,0x000000000000000000000000000000000013c35a,0.0.1295194,
0.0.4957513,0x00000000000000000000000000000000004ba549,0.0.4957513,
0.0.8131324,0x00000000000000000000000000000000007c12fc,0.0.8131324,
0.0.3965045,0x00000000000000000000000000000000003c8075,0.0.3965045,
0.0.8102310,0x00000000000000000000000000000000007ba1a6,0.0.8102310,
0.0.1071561,0x00000000000000000000000000000000001059c9,0.0.1071561,
0.0.7848161,0x000000000000000000000000000000000077c0e1,0.0.7848161,
0.0.4046889,0x00000000000000000000000000000000003dc029,0.0.4046889,
0.0.5570978,0x00000000000000000000000000000000005501a2,0.0.5570978,
0.0.2103926,0x0000000000000000000000000000000000201a76,0.0.2103926,
0.0.3971395,0x00000000000000000000000000000000003c9943,0.0.3971395,
0.0.8147681,0x00000000000000000000000000000000007c52e1,0.0.8147681,
0.0.3169359,0x0000000000000000000000000000000000305c4f,0.0.3169359,
0.0.1035628,0x00000000000000000000000000000000000fcd6c,0.0.1035628,
0.0.7948676,0x0000000000000000000000000000000000794984,0.0.7948676,
0.0.792532,0x00000000000000000000000000000000000c17d4,0.0.792532,
0.0.8158611,0x00000000000000000000000000000000007c7d93,0.0.8158611,
0.0.4361012,0x0000000000000000000000000000000000428b34,0.0.4361012,
0.0.6068342,0x00000000000000000000000000000000005c9876,0.0.6068342,
0.0.7821112,0x0000000000000000000000000000000000775738,0.0.7821112,
0.0.3168883,0x0000000000000000000000000000000000305a73,0.0.3168883,
0.0.3041089,0x00000000000000000000000000000000002e6741,0.0.3041089,
0.0.8146757,0x00000000000000000000000000000000007c4f45,0.0.8146757,
0.0.5765172,0x000000000000000000000000000000000057f834,0.0.5765172,
0.0.3167151,0x00000000000000000000000000000000003053af,0.0.3167151,
0.0.1708350,0x00000000000000000000000000000000001a113e,0.0.1708350,
0.0.4369328,0x000000000000000000000000000000000042abb0,0.0.4369328,
0.0.2061956,0x00000000000000000000000000000000001f7684,0.0.2061956,
0.0.904237,0x00000000000000000000000000000000000dcc2d,0.0.904237,
0.0.1380166,0x0000000000000000000000000000000000150f46,0.0.1380166,
0.0.965330,0x00000000000000000000000000000000000ebad2,0.0.965330,
0.0.2189289,0x00000000000000000000000000000000002167e9,0.0.2189289,
0.0.4315388,0x000000000000000000000000000000000041d8fc,0.0.4315388,
0.0.3802249,0x00000000000000000000000000000000003a0489,0.0.3802249,
0.0.4273349,0x00000000000000000000000000000000004134c5,0.0.4273349,
0.0.4337846,0x00000000000000000000000000000000004230b6,0.0.4337846,
0.0.3944724,0x00000000000000000000000000000000003c3114,0.0.3944724,
0.0.4091984,0x00000000000000000000000000000000003e7050,0.0.4091984,
0.0.5162300,0x00000000000000000000000000000000004ec53c,0.0.5162300,
0.0.4308701,0x000000000000000000000000000000000041bedd,0.0.4308701,
0.0.7893421,0x00000000000000000000000000000000007871ad,0.0.7893421,
0.0.5195606,0x00000000000000000000000000000000004f4756,0.0.5195606,
0.0.4497797,0x000000000000000000000000000000000044a185,0.0.4497797,
0.0.4279368,0x0000000000000000000000000000000000414c48,0.0.4279368,
0.0.662983,0x00000000000000000000000000000000000a1dc7,0.0.662983,
0.0.7915722,0x000000000000000000000000000000000078c8ca,0.0.7915722,
0.0.4355567,0x00000000000000000000000000000000004275ef,0.0.4355567,
0.0.7577418,0x0000000000000000000000000000000000739f4a,0.0.7577418,
0.0.8059942,0x00000000000000000000000000000000007afc26,0.0.8059942,
0.0.6063096,0x00000000000000000000000000000000005c83f8,0.0.6063096,
0.0.3161254,0x0000000000000000000000000000000000303ca6,0.0.3161254,
0.0.586040,0x000000000000000000000000000000000008f138,0.0.586040,
0.0.3836035,0x00000000000000000000000000000000003a8883,0.0.3836035,
0.0.7907763,0x000000000000000000000000000000000078a9b3,0.0.7907763,
0.0.7980815,0x000000000000000000000000000000000079c70f,0.0.7980815,
0.0.7924085,0x000000000000000000000000000000000078e975,0.0.7924085,
0.0.7802114,0x0000000000000000000000000000000000770d02,0.0.7802114,
0.0.1348095,0x00000000000000000000000000000000001491ff,0.0.1348095,
0.0.1094369,0x000000000000000000000000000000000010b2e1,0.0.1094369,
0.0.891499,0x00000000000000000000000000000000000d9a6b,0.0.891499,
0.0.7627197,0x00000000000000000000000000000000007461bd,0.0.7627197,
0.0.1357174,0x000000000000000000000000000000000014b576,0.0.1357174,
0.0.793318,0x00000000000000000000000000000000000c1ae6,0.0.793318,
0.0.996405,0x00000000000000000000000000000000000f3435,0.0.996405,
0.0.6026822,0x00000000000000000000000000000000005bf646,0.0.6026822,
0.0.499534,0x0000000000000000000000000000000000079f4e,0.0.499534,
0.0.779779,0x00000000000000000000000000000000000be603,0.0.779779,
0.0.4576167,0x000000000000000000000000000000000045d3a7,0.0.4576167,
0.0.6796315,0x000000000000000000000000000000000067b41b,0.0.6796315,
0.0.4561175,0x0000000000000000000000000000000000459917,0.0.4561175,
0.0.4253136,0x000000000000000000000000000000000040e5d0,0.0.4253136,
0.0.4843176,0x000000000000000000000000000000000049e6a8,0.0.4843176,
0.0.8128931,0x00000000000000000000000000000000007c09a3,0.0.8128931,
0.0.476700,0x000000000000000000000000000000000007461c,0.0.476700,
0.0.8202645,0x00000000000000000000000000000000007d2995,0.0.8202645,
0.0.4432366,0x000000000000000000000000000000000043a1ee,0.0.4432366,
0.0.791245,0x00000000000000000000000000000000000c12cd,0.0.791245,
0.0.7131424,0x00000000000000000000000000000000006cd120,0.0.7131424,
0.0.4350595,0x0000000000000000000000000000000000426283,0.0.4350595,
0.0.1484720,0x000000000000000000000000000000000016a7b0,0.0.1484720,
0.0.1453734,0x0000000000000000000000000000000000162ea6,0.0.1453734,
0.0.7601470,0x000000000000000000000000000000000073fd3e,0.0.7601470,
0.0.1269004,0x0000000000000000000000000000000000135d0c,0.0.1269004,
0.0.4822391,0x0000000000000000000000000000000000499577,0.0.4822391,
0.0.4355306,0x00000000000000000000000000000000004274ea,0.0.4355306,
0.0.7916,0x0000000000000000000000000000000000001eec,0.0.7916,
0.0.4193066,0x00000000000000000000000000000000003ffb2a,0.0.4193066,
0.0.683607,0x00000000000000000000000000000000000a6e57,0.0.683607,
0.0.8201634,0x00000000000000000000000000000000007d25a2,0.0.8201634,
0.0.5700356,0x000000000000000000000000000000000056fb04,0.0.5700356,
0.0.3687967,0x000000000000000000000000000000000038461f,0.0.3687967,
0.0.6002813,0x00000000000000000000000000000000005b987d,0.0.6002813,
0.0.6194066,0x00000000000000000000000000000000005e8392,0.0.6194066,
0.0.4615491,0x0000000000000000000000000000000000466d43,0.0.4615491,
0.0.3441589,0x00000000000000000000000000000000003483b5,0.0.3441589,
0.0.8209469,0x00000000000000000000000000000000007d443d,0.0.8209469,
0.0.3215432,0x0000000000000000000000000000000000311048,0.0.3215432,
0.0.1478185,0x0000000000000000000000000000000000168e29,0.0.1478185,
0.0.4559235,0x0000000000000000000000000000000000459183,0.0.4559235,
0.0.848305,0x00000000000000000000000000000000000cf1b1,0.0.848305,
0.0.833323,0x00000000000000000000000000000000000cb72b,0.0.833323,
0.0.616721,0x0000000000000000000000000000000000096911,0.0.616721,
0.0.4858116,0x00000000000000000000000000000000004a2104,0.0.4858116,
0.0.7504500,0x0000000000000000000000000000000000728274,0.0.7504500,
0.0.5129884,0x00000000000000000000000000000000004e469c,0.0.5129884,
0.0.7697229,0x000000000000000000000000000000000075734d,0.0.7697229,
0.0.961733,0x00000000000000000000000000000000000eacc5,0.0.961733,
0.0.484985,0x0000000000000000000000000000000000076679,0.0.484985,
0.0.837878,0x00000000000000000000000000000000000cc8f6,0.0.837878,
0.0.1120183,0x00000000000000000000000000000000001117b7,0.0.1120183,
0.0.1080907,0x0000000000000000000000000000000000107e4b,0.0.1080907,
0.0.1111866,0x000000000000000000000000000000000010f73a,0.0.1111866,
0.0.1742940,0x00000000000000000000000000000000001a985c,0.0.1742940,
0.0.6447830,0x00000000000000000000000000000000006262d6,0.0.6447830,
0.0.1097345,0x000000000000000000000000000000000010be81,0.0.1097345,
0.0.1137113,0x00000000000000000000000000000000001159d9,0.0.1137113,
0.0.8190378,0x00000000000000000000000000000000007cf9aa,0.0.8190378,
0.0.5106932,0x00000000000000000000000000000000004decf4,0.0.5106932,
0.0.8191634,0x00000000000000000000000000000000007cfe92,0.0.8191634,
0.0.7907784,0x000000000000000000000000000000000078a9c8,0.0.7907784,
0.0.7214534,0x00000000000000000000000000000000006e15c6,0.0.7214534,
0.0.8165497,0x00000000000000000000000000000000007c9879,0.0.8165497,
0.0.7210045,0x00000000000000000000000000000000006e043d,0.0.7210045,
0.0.1117018,0x0000000000000000000000000000000000110b5a,0.0.1117018,
0.0.8193911,0x00000000000000000000000000000000007d0777,0.0.8193911,
0.0.8195929,0x00000000000000000000000000000000007d0f59,0.0.8195929,
0.0.5186347,0x00000000000000000000000000000000004f232b,0.0.5186347,
0.0.8033358,0x00000000000000000000000000000000007a944e,0.0.8033358,
0.0.699534,0x00000000000000000000000000000000000aac8e,0.0.699534,
0.0.7687902,0x0000000000000000000000000000000000754ede,0.0.7687902,
0.0.5146064,0x00000000000000000000000000000000004e85d0,0.0.5146064,
0.0.975200,0x00000000000000000000000000000000000ee160,0.0.975200,
0.0.5285066,0x000000000000000000000000000000000050a4ca,0.0.5285066,
0.0.7377923,0x0000000000000000000000000000000000709403,0.0.7377923,
0.0.8200296,0x00000000000000000000000000000000007d2068,0.0.8200296,
0.0.8202059,0x00000000000000000000000000000000007d274b,0.0.8202059,
0.0.8202230,0x00000000000000000000000000000000007d27f6,0.0.8202230,
0.0.4554850,0x0000000000000000000000000000000000458062,0.0.4554850,
0.0.692663,0x00000000000000000000000000000000000a91b7,0.0.692663,
0.0.8090434,0x00000000000000000000000000000000007b7342,0.0.8090434,
0.0.8090443,0x00000000000000000000000000000000007b734b,0.0.8090443,
0.0.3963486,0x00000000000000000000000000000000003c7a5e,0.0.3963486,
0.0.8204923,0x00000000000000000000000000000000007d327b,0.0.8204923,
0.0.8205084,0x00000000000000000000000000000000007d331c,0.0.8205084,
0.0.4325842,0x00000000000000000000000000000000004201d2,0.0.4325842,
0.0.792890,0x00000000000000000000000000000000000c193a,0.0.792890,
0.0.8207986,0x00000000000000000000000000000000007d3e72,0.0.8207986,
0.0.3101147,0x00000000000000000000000000000000002f51db,0.0.3101147,
0.0.1524739,0x0000000000000000000000000000000000174403,0.0.1524739,
0.0.7191408,0x00000000000000000000000000000000006dbb70,0.0.7191408,
0.0.7811830,0x00000000000000000000000000000000007732f6,0.0.7811830,
0.0.946633,0x00000000000000000000000000000000000e71c9,0.0.946633,
0.0.4758385,0x0000000000000000000000000000000000489b71,0.0.4758385,
